{
    "id": "MBDisabler",
    "name": "Saber Motion Blue Disabler",
    "author": "Futuremappermydud",
    "description": [
        
    ],
    "category": "Gameplay",
    "gameVersion": "1.9.0",
    "version": "0.1.0",
    "platform": "Quest",
    "components": [
        {
            "type": "HookMod",
            "installAction": {
                "installLibraryFile": "libmbdisabler.so"
            },
            "uninstallAction": {
                "removeLibraryFile": "libmbdisabler.so"
            }
        }
    ]
}
