{
    "coverImageFilename": "image",
    "icon": "image.png",
    "components": [
        {
            "type": "FileCopyMod",
            "sourceFileName": "Neo-Default.qsaber",
            "targetRootedPathAndFileName": "/sdcard/Android/data/com.beatgames.beatsaber/files/sabers/testSaber.qsaber"
        }
    ],
    "version": "1.0.0",
    "links": {
        "pageLink": "pagelink"
    },
    "description": [
        "models by burgerdude and ported by me "
    ],
    "gameVersion": "1.9.0",
    "platform": "Quest",
    "id": "Neo-DefaultjonbuildsV1.0.0",
    "name": "Neo-Default",
    "author": "jonbuilds",
    "category": "Saber"
}