{
    "coverImageFilename": "cover.png",
    "icon": "cover.png",
    "components": [
        {
            "type": "FileCopyMod",
            "sourceFileName": "Bootleg Galaxy Saber.qsaber",
            "targetRootedPathAndFileName": "/sdcard/Android/data/com.beatgames.beatsaber/files/sabers/testSaber.qsaber"
        }
    ],
    "version": "1.2.0",
    "links": {
        "pageLink": "pagelink"
    },
    "description": [
        "Edited Edge Saber thing"
    ],
    "gameVersion": "1.9.0",
    "platform": "Quest",
    "id": "BootlegGalaxySaberjjdehuyeifV1.2.0",
    "name": "Bootleg Galaxy Saber",
    "author": "jjdehuyeif",
    "category": "Saber"
}