{
    "coverImageFilename": "SpikeSaber2.png",
    "icon": "SpikeSaber2.png",
    "components": [
        {
            "type": "FileCopyMod",
            "sourceFileName": "SpikeSabers.qsaber",
            "targetRootedPathAndFileName": "/sdcard/Android/data/com.beatgames.beatsaber/files/sabers/testSaber.qsaber"
        }
    ],
    "version": "2.2.2",
    "links": {
        "pageLink": "(No page link)"
    },
    "description": [
        "I updated the spike sabers to V2.2.2, the more THIN version :) I had to update the saber model a couple times, that's why it's V2.2.2. Thanks to originalusername#7476 , jjdehuyeif #9480 , and fam#4067 for trying to help me out. Thanks for the help guys :)"
    ],
    "gameVersion": "1.11.0",
    "platform": "Quest",
    "id": "SpikeSabersDA_LandenV2.2.2",
    "name": "SpikeSabers",
    "author": "DA_Landen",
    "category": "Saber"
}