{
    "coverImageFilename": "cover.png",
    "icon": "cover.png",
    "components": [
        {
            "type": "FileCopyMod",
            "sourceFileName": "GhostV2.qsaber",
            "targetRootedPathAndFileName": "/sdcard/Android/data/com.beatgames.beatsaber/files/sabers/testSaber.qsaber"
        }
    ],
    "version": "0.1",
    "links": {
        "pageLink": "pagelink"
    },
    "description": [
        "moddescription"
    ],
    "gameVersion": "1.10.0",
    "platform": "Quest",
    "id": "GhostV2HooiV0.1",
    "name": "GhostV2",
    "author": "Hooi",
    "category": "Saber"
}