{
    "coverImageFilename": "cover.png",
    "icon": "cover.png",
    "components": [
        {
            "type": "FileCopyMod",
            "sourceFileName": "Portal Saber.qsaber",
            "targetRootedPathAndFileName": "/sdcard/Android/data/com.beatgames.beatsaber/files/sabers/testSaber.qsaber"
        }
    ],
    "version": "0.2",
    "links": {
        "pageLink": "pagelink"
    },
    "description": [
        "moddescription"
    ],
    "gameVersion": "1.10.0",
    "platform": "Quest",
    "id": "PortalSaberHooiV0.2",
    "name": "Portal Saber",
    "author": "Hooi",
    "category": "Saber"
}