{
    "coverImageFilename": "TokyoNight.png",
    "icon": "TokyoNight.png",
    "components": [
        {
            "type": "FileCopyMod",
            "sourceFileName": "TokyoNight.qsaber",
            "targetRootedPathAndFileName": "/sdcard/Android/data/com.beatgames.beatsaber/files/sabers/testSaber.qsaber"
        },
		{
			"Type": "AssetsMod",
			"InstallAction": {
			"PreloadFiles": [
          "{{Trail}}"
        ],
        "Actions": [
          {
            "Type": "ReplaceAsset",
            "FromDataFile": "FullTrail.dat",
            "Locator": {
              "TypeIs": "Texture2D",
              "NameIs": "FullTrail"
            },
            "AllowOverwriteName": false,
            "StepNumber": 1
          }
        ]
      },
      "UninstallAction": {
        "PreloadFiles": [
          "{{Saber}}"
        ],
        "Actions": [
          {
            "Type": "RestoreAsset",
            "Locator": {
              "TypeIs": "Texture2D",
              "NameIs": "FullTrail"
            },
            "StepNumber": 1
          }
        ]
      }
    }
    ],
    "version": "1.0.0",
    "links": {
        "pageLink": ""
    },
    "description": [
        "こんにちは好奇心旺盛な人"
    ],
    "gameVersion": "1.9.1",
    "platform": "Quest",
    "id": "TokyoNightWithTrail",
    "name": "Tokyo Night + Trail",
    "author": "Brinch",
    "category": "Saber"
}