{
    "id": "ScorePercent",
    "name": "Score Percent",
    "author": "IdleBob Ported By Futuremappermydud",
    "description": [
        
    ],
    "category": "Gameplay",
    "gameVersion": "1.9.1",
    "version": "0.1.0",
    "platform": "Quest",
    "components": [
        {
            "type": "HookMod",
            "installAction": {
                "installLibraryFile": "libscorepercent.so"
            },
            "uninstallAction": {
                "removeLibraryFile": "libscorepercent.so"
            }
        }
    ]
}
