{
    "coverImageFilename": "cover.png",
    "icon": "cover.png",
    "components": [
        {
            "type": "FileCopyMod",
            "sourceFileName": "Tesla Saber Recreation.qsaber",
            "targetRootedPathAndFileName": "/sdcard/Android/data/com.beatgames.beatsaber/files/sabers/testSaber.qsaber"
        },
        {
            "Type": "AssetsMod",
            "InstallAction": {
            "PreloadFiles": [
          "{{Trail}}"
        ],
        "Actions": [
          {
            "Type": "ReplaceAsset",
            "FromDataFile": "FullTrail.dat",
            "Locator": {
              "TypeIs": "Texture2D",
              "NameIs": "FullTrail"
            },
            "AllowOverwriteName": false,
            "StepNumber": 1
          }
        ]
      },
      "UninstallAction": {
        "PreloadFiles": [
          "{{Saber}}"
        ],
        "Actions": [
          {
            "Type": "RestoreAsset",
            "Locator": {
              "TypeIs": "Texture2D",
              "NameIs": "FullTrail"
            },
            "StepNumber": 1
          }
        ]
      }
    }
    ],
    "version": "2 + Fake Glow",
    "links": {
        "pageLink": "https://modelsaber.com/Sabers/?id=1546068882"
    },
    "description": [
        "hi there mister saber maker please add fake glow to the tesla sabers recreation"
    ],
    "gameVersion": "1.11.0",
    "platform": "Quest",
    "id": "TeslaSaberRecreationJuju3409(OGbyKyle1413)V2+FakeGlow",
    "name": "Tesla Saber Recreation",
    "author": "Juju3409 (OG by Kyle 1413)",
    "category": "Saber"
}