{
    "coverImageFilename": "cover.png",
    "icon": "cover.png",
    "components": [
        {
            "type": "FileCopyMod",
            "sourceFileName": "Tension.qsaber",
            "targetRootedPathAndFileName": "/sdcard/Android/data/com.beatgames.beatsaber/files/sabers/testSaber.qsaber"
        },
        {
            "Type": "AssetsMod",
            "InstallAction": {
            "PreloadFiles": [
          "{{Trail}}"
        ],
        "Actions": [
          {
            "Type": "ReplaceAsset",
            "FromDataFile": "FullTrail.dat",
            "Locator": {
              "TypeIs": "Texture2D",
              "NameIs": "FullTrail"
            },
            "AllowOverwriteName": false,
            "StepNumber": 1
          }
        ]
      },
      "UninstallAction": {
        "PreloadFiles": [
          "{{Saber}}"
        ],
        "Actions": [
          {
            "Type": "RestoreAsset",
            "Locator": {
              "TypeIs": "Texture2D",
              "NameIs": "FullTrail"
            },
            "StepNumber": 1
          }
        ]
      }
    }
    ],
    "version": "1.0.0",
    "links": {
        "pageLink": "pagelink"
    },
    "description": [
        "dang these do be clean tho :flushed:, originally made by Kleiark#0001, and ported to the quest by professor honk#8074."
    ],
    "gameVersion": "1.10.0",
    "platform": "Quest",
    "id": "Tensionprofessorhonk#8074V1.0.0",
    "name": "Tension",
    "author": "professor honk#8074",
    "category": "Saber"
}