{
    "coverImageFilename": "cover.png",
    "icon": "cover.png",
    "components": [
        {
            "type": "FileCopyMod",
            "sourceFileName": "saeber for accurcery! (NOT CLICKBAIT OMG!!!!!!!!!) (COPS CALLED).qsaber",
            "targetRootedPathAndFileName": "/sdcard/Android/data/com.beatgames.beatsaber/files/sabers/testSaber.qsaber"
        }
    ],
    "version": "1.0.0",
    "links": {
        "pageLink": "pagelink"
    },
    "description": [
        "this saeber will improve accuracy!!!!!!!!!!!! me no lie!!! "
    ],
    "gameVersion": "1.10.0",
    "platform": "Quest",
    "id": "saeberforaccurcery!(NOTCLICKBAITOMG!!!!!!!!!)(COPSCALLED)professorhonk#8074V1.0.0",
    "name": "saeber for accurcery! (NOT CLICKBAIT OMG!!!!!!!!!) (COPS CALLED)",
    "author": "professor honk#8074",
    "category": "Saber"
}