{
    "coverImageFilename": "Cover.png",
    "icon": "Skywalker Sabers",
    "components": [
        {
            "type": "FileCopyMod",
            "sourceFileName": "Skywalker Saber.qsaber",
            "targetRootedPathAndFileName": "/sdcard/Android/data/com.beatgames.beatsaber/files/sabers/testSaber.qsaber"
        }
    ],
    "version": "1.0.0",
    "links": {
        "pageLink": ""
    },
    "description": [
        "A lightsaber based off of Luke Skywalker's lightsaber"
    ],
    "gameVersion": "1.8.0",
    "platform": "Quest",
    "id": "SkywalkerSaberBlueRaspberryPiV1.0.0",
    "name": "Skywalker Saber",
    "author": "Blue Raspberry Pi",
    "category": "Saber"
}