{
    "id": "DiffChanger",
    "name": "DiffChanger",
    "author": "Futuremappermydud",
    "description": [
        
        "yes"
        
    ],
    "category": "Gameplay",
    "gameVersion": "1.9.1",
    "version": "0.1.0",
    "platform": "Quest",
    "components": [
        {
            "type": "HookMod",
            "installAction": {
                "installLibraryFile": "libDiffChanger.so"
            },
            "uninstallAction": {
                "removeLibraryFile": "libDiffChanger.so"
            }
        }
    ]
}
