{
    "id": "RandomSongButton",
    "name": "Random Song Button",
    "author": "L_",
    "description": [
        
        "it do be a random song button tho"
        
    ],
    "category": "Gameplay",
    "gameVersion": "1.10.0",
    "version": "0.1.0",
    "platform": "Quest",
    "components": [
        {
            "type": "HookMod",
            "installAction": {
                "installLibraryFile": "librandomsongbutton.so"
            },
            "uninstallAction": {
                "removeLibraryFile": "librandomsongbutton.so"
            }
        },
        {
            "type": "FileCopyMod",
            "sourceFileName": "libbeatsaber-hook_2019_2_1f1_0_2_0.so",
            "targetRootedPathAndFileName": "/sdcard/Android/data/com.beatgames.beatsaber/files/libs/libbeatsaber-hook_2019_1_1f1_0_2_0.so"
        },
	{
            "type": "FileCopyMod",
            "sourceFileName": "libcustomui.so",
            "targetRootedPathAndFileName": "/sdcard/Android/data/com.beatgames.beatsaber/files/libs/libcustomui.so"
        }
    ]
}
