{
    "coverImageFilename": "cover.png",
    "icon": "cover.png",
    "components": [
        {
            "type": "FileCopyMod",
            "sourceFileName": "Nuclear Star.qsaber",
            "targetRootedPathAndFileName": "/sdcard/Android/data/com.beatgames.beatsaber/files/sabers/testSaber.qsaber"
        }
    ],
    "version": "1.0",
    "links": {
        "pageLink": "pagelink"
    },
    "description": [
        "moddescription"
    ],
    "gameVersion": "1.9.0",
    "platform": "Quest",
    "id": "NuclearStarHooiV1.0",
    "name": "Nuclear Star",
    "author": "Hooi",
    "category": "Saber"
}