{
  "id": "SongCoverExpander",
  "name": "Song Cover Expander",
  "version": "0.1.2",
  "author": "L_",
  "description": [],
  "category": "Other",
  "gameVersion": "1.11.0",
  "platform": "Quest",
  "components": [
    {
      "type": "HookMod",
      "installAction": {
        "installLibraryFile": "libsongcoverexpander.so"
      },
      "uninstallAction": {
        "removeLibraryFile": "libsongcoverexpander.so"
      }
    },
    {
      "type": "HookModLibrary",
      "installAction": {
        "installLibraryFile": "libbeatsaber-hook_2019_2_1f1_0_1_1.so",
      }
    }
  ]
}