{
    "id": "SongCoverExpander",
    "name": "Song Cover Expander",
    "author": "L_",
    "description": [
        
    ],
    "category": "Other",
    "gameVersion": "1.10.0",
    "version": "0.1.0",
    "platform": "Quest",
    "components": [
        {
            "type": "HookMod",
            "installAction": {
                "installLibraryFile": "libsongcoverexpander.so"
            },
            "uninstallAction": {
                "removeLibraryFile": "libsongcoverexpander.so"
            }
        },
	    {
            "type": "FileCopyMod",
            "sourceFileName": "libbeatsaber-hook_2019_2_1f1_0_1_1.so",
            "targetRootedPathAndFileName": "/sdcard/Android/data/com.beatgames.beatsaber/files/libs/libbeatsaber-hook_2019_2_1f1_0_1_1.so"
        }
    ]
}
