{
    "coverImageFilename": "cover.png",
    "icon": "cover.png",
    "components": [
        {
            "type": "FileCopyMod",
            "sourceFileName": "EXiT this Earth's Atomosphere.qsaber",
            "targetRootedPathAndFileName": "/sdcard/Android/data/com.beatgames.beatsaber/files/sabers/testSaber.qsaber"
        }
    ],
    "version": "1.0.0",
    "links": {
        "pageLink": "pagelink"
    },
    "description": [
        "Hahaha thing go zoom"
    ],
    "gameVersion": "1.9.1",
    "platform": "Quest",
    "id": "EXiTthisEarth'sAtomosphereProdigiousPersonV1.0.0",
    "name": "EXiT this Earth's Atomosphere",
    "author": "ProdigiousPerson",
    "category": "Saber"
}