{

  "id": "RumbleAdvancedPink",
  "name": "Advanced Rumble",
  "author": "Pink",
  "description": [
      "Allows you to alter the rumble you get after hitting a note!\nConfig file found at sdcard/Android/data/com.beatgames.beatsaber/files/mod_cfgs/AdvancedRumble.json \nDM me on Discord: Pink#3877 If you have any issues!"
  ],
  "category": "Gameplay",
  "gameVersion": "1.10.0",
  "version": "2.0.1",
  "config": {},
  "links": {
  },
  "platform": "Quest",
  "components": [
    {
      "Type": "HookMod",
      "InstallAction": {
        "InstallLibraryFile": "libAdvancedRumble.so"
      },
      "UninstallAction": {
        "RemoveLibraryFile": "libAdvancedRumble.so"
      }
    }
  ]
}