{
    "enablePCBurnMarks": true,
    "enableCustomLevelsTab": true,
    "enableCharacteristicsColours": true,
    "enableRequirementDetails": true,
    "enableExtraSongDetails": true,
    "enableCustomSongColours": true,
    "alwaysOpenToCustomLevels": true,
    "enableCustomDiffNames": true,
    "enableChromaLite": true,
    "enableNoticeBoard": true,
    "OstPackList": [
        "Original Soundtrack Vol. 1",
        "Original Soundtrack Vol. 2",
        "Original Soundtrack Vol. 3",
        "Extras",
        "Camellia"
    ]
}