{
  "id": "PracticePlus",
  "name": "PracticePlus",
  "version": "0.2.1",
  "author": "L_",
  "description": [],
  "category": "Gameplay",
  "gameVersion": "1.11.0",
  "platform": "Quest",
  "components": [
    {
      "type": "HookMod",
      "installAction": {
        "installLibraryFile": "libpracticeplus.so"
      },
      "uninstallAction": {
        "removeLibraryFile": "libpracticeplus.so"
      }
    },
    {
      "type": "HookModLibrary",
      "installAction": {
        "installLibraryFile": "libbeatsaber-hook_2019_2_1f1_0_1_1.so"
      }
    },
    {
      "type": "HookModLibrary",
      "installAction": {
        "installLibraryFile": "libcustomui.so"
      }
    }
  ]
}