{
    "coverImageFilename": "cover.png",
    "icon": "cover.png",
    "components": [
        {
            "type": "FileCopyMod",
            "sourceFileName": "Thinnboi.qsaber",
            "targetRootedPathAndFileName": "/sdcard/Android/data/com.beatgames.beatsaber/files/sabers/testSaber.qsaber"
        }
    ],
    "version": "1.0.0",
    "links": {
        "pageLink": "https://github.com/RedBrumbler/BMBFCustomSabers/wiki"
    },
    "description": [
        "Thinn Saber This is"
    ],
    "gameVersion": "1.11.1",
    "platform": "Quest",
    "id": "ThinnboiMott'sApplesauceV1.0.0",
    "name": "Thinnboi",
    "author": "Mott's Applesauce",
    "category": "Saber"
}