{
    "coverImageFilename": "cover.png",
    "icon": "cover.png",
    "components": [
        {
            "type": "FileCopyMod",
            "sourceFileName": "TipOfSkiRemake.qsaber",
            "targetRootedPathAndFileName": "/sdcard/Android/data/com.beatgames.beatsaber/files/sabers/testSaber.qsaber"
        }
    ],
    "version": "1.0.3",
    "links": {
        "pageLink": "pagelink"
    },
    "description": [
        "remade the tip of ski "
    ],
    "gameVersion": "1.11.0",
    "platform": "Quest",
    "id": "TipOfSkiRemakeCameronV1.0.3",
    "name": "TipOfSkiRemake",
    "author": "Cameron",
    "category": "Saber"
}