{
  "id": "ScoreSaber",
  "name": "ScoreSaber",
  "author": "Umbranox",
  "coverImageFilename": "logo.jpg",
  "icon": "logo.jpg",
  "description": [ "Allows you to upload scores to an online leaderboard, earn PP from ranked maps, and compare scores with others." ],
  "category": "Gameplay",
  "gameVersion": "1.10.0",
  "version": "0.2.2",
  "platform": "Quest",
  "components": [
    {
      "type": "HookMod",
      "installAction": {
        "installLibraryFile": "libScoreSaber.so"
      },
      "uninstallAction": {
        "removeLibraryFile": "libScoreSaber.so"
      }
    },
    {
      "type": "FileCopyMod",
      "sourceFileName": "scoresaber_DO_NOT_SHARE.scary",
      "targetRootedPathAndFileName": "/sdcard/Android/data/com.beatgames.beatsaber/files/mod_cfgs/scoresaber_DO_NOT_SHARE.scary"
    }
  ]
}
